<?xml version="1.0" encoding="UTF-8"?>
<project-private xmlns="http://www.netbeans.org/ns/project-private/1">
    <editor-bookmarks xmlns="http://www.netbeans.org/ns/editor-bookmarks/2" lastBookmarkId="0"/>
    <open-files xmlns="http://www.netbeans.org/ns/projectui-open-files/2">
        <group>
            <file>file:/Users/melani/Data/SEMESTER%203/PraktikumNetbin/PRAKTEKRUMAH/AplikasiPencatatanHutang/src/apkPencatatanHutang/Login.java</file>
            <file>file:/Users/melani/Data/SEMESTER%203/PraktikumNetbin/PRAKTEKRUMAH/AplikasiPencatatanHutang/src/apkPencatatanHutang/Register.java</file>
            <file>file:/Users/melani/Data/SEMESTER%203/PraktikumNetbin/PRAKTEKRUMAH/AplikasiPencatatanHutang/src/customdate/CustomDateChooser.java</file>
            <file>file:/Users/melani/Data/SEMESTER%203/PraktikumNetbin/PRAKTEKRUMAH/AplikasiPencatatanHutang/src/apkPencatatanHutang/MainView.java</file>
            <file>file:/Users/melani/Data/SEMESTER%203/PraktikumNetbin/PRAKTEKRUMAH/AplikasiPencatatanHutang/src/Koneksi/DBConnection.java</file>
        </group>
    </open-files>
</project-private>
